load_0,load_1,load_2,load_3,load_4
0.003022758592997458,0.003025649152979708,0.0010218855196333823,0.0010536822585927989,0.0010455690834785892
0.0030117987130315357,0.003067911427173404,0.0010544823949197736,0.0010303001888291876,0.0010451112961699105
0.003055349760797683,0.0030795184091363254,0.001073044292420494,0.00102408433080722,0.0010284530799282105
0.00302830298888066,0.0030276314739475425,0.0010159521041919642,0.0010922704058820409,0.001054459280275614
0.003008531950192544,0.0030107097771596087,0.0010518798472578753,0.0010618119678271094,0.0010613194420313935
0.003038088794052455,0.0030433746671987257,0.0010078568077339562,0.001065282970395659,0.001063109643003658
0.003092541027915018,0.0030857084923410017,0.0010211981354782845,0.001009676620461022,0.0010335213070228483
0.003088498855696233,0.0030663867042940085,0.0010492908967969336,0.0010474546184393166,0.001064316179069311
0.0030688688923685595,0.003040572791339017,0.001081369751555055,0.0010060033267804418,0.0010379085406158025
0.0030932647984356484,0.0030208881360520978,0.0010609202597378707,0.001010608417041735,0.0010587586980359668
